"CountryCode","Year","Total_Medals","GDP_per_capita","Education_Expenditure","Health_Expenditure","Population","Unemployment_Rate","CountryName"
"AFG",2000,0,308.318269746638,NA,NA,20.130327,7.935,"Afghanistan"
"AFG",2002,0,338.139973643387,NA,9.44339085,21.378117,7.93,"Afghanistan"
"AFG",2004,0,338.637273888197,NA,9.80847359,23.560654,7.899,"Afghanistan"
"AFG",2006,0,367.75831169358,4.68476057052612,10.62276554,25.424094,7.914,"Afghanistan"
"AFG",2008,1,417.647282647498,4.38367223739624,10.25649548,26.482622,7.878,"Afghanistan"
"AFG",2010,0,542.871030476037,3.4794499874115,8.56967163,28.284089,7.753,"Afghanistan"
"AFG",2012,1,568.929021458341,2.60419988632202,7.89716864,30.560034,7.856,"Afghanistan"
"AFG",2014,0,575.146245808546,3.69521999359131,9.52887821,32.792523,7.915,"Afghanistan"
"AFG",2016,0,563.872336723147,4.54397010803223,11.81859016,34.700612,10.133,"Afghanistan"
"AFG",2018,0,553.125151688293,NA,14.20841885,36.743039,11.196,"Afghanistan"
"AFG",2020,0,527.834554499306,NA,15.53361416,39.068979,11.71,"Afghanistan"
"AFG",2022,0,377.665627080705,NA,NA,40.578842,14.1,"Afghanistan"
"ARG",2000,4,10631.6503639029,4.58030986785889,8.22001076,37.213984,15,"Argentina"
"ARG",2002,0,8861.56199282278,4.01734018325806,7.3933115,38.029349,19.59,"Argentina"
"ARG",2004,6,10302.4465316428,3.48652005195618,7.22868252,38.815916,13.522,"Argentina"
"ARG",2006,0,11870.2791559298,4.12821006774902,7.64032793,39.622115,10.078,"Argentina"
"ARG",2008,6,13197.3570267029,4.84440994262695,8.1826973,40.424148,7.837,"Argentina"
"ARG",2010,0,13387.1553748458,5.01971006393433,9.44546413,41.288694,7.714,"Argentina"
"ARG",2012,4,13754.4254235596,5.34582996368408,9.82726669,42.161721,7.217,"Argentina"
"ARG",2014,0,13456.1319159151,5.36144018173218,9.67129993,43.024071,7.268,"Argentina"
"ARG",2016,4,13265.8860639123,5.54548978805542,9.85558891,43.900313,8.085,"Argentina"
"ARG",2018,0,13058.3285449954,4.87773990631104,10.29146862,44.654882,9.22,"Argentina"
"ARG",2020,3,11393.0505957877,5.27689981460571,10.34701538,45.191965,11.461,"Argentina"
"ARG",2022,0,13182.7933950725,4.80521011352539,NA,45.407904,6.805,"Argentina"
"ARM",2000,1,1229.21510436102,2.77273011207581,4.2,3.2211,11.095,"Armenia"
"ARM",2002,0,1535.20452885187,2.13504004478455,7.61,3.1998,10.833,"Armenia"
"ARM",2004,0,1955.22262459229,2.48673009872437,6.06,3.1649,10.617,"Armenia"
"ARM",2006,0,2551.43546358452,2.71577000617981,5.85,3.1271,10.465,"Armenia"
"ARM",2008,5,3141.33193500774,3.17272996902466,6.64,3.0871,17.1,"Armenia"
"ARM",2010,0,2796.08143428043,3.24900007247925,9.24,3.0448,19.523,"Armenia"
"ARM",2012,2,3159.75860786889,2.77248001098633,9.13,3.0241,17.511,"Armenia"
"ARM",2014,0,3393.09252326884,2.24724006652832,10.18,3.0138,17.498,"Armenia"
"ARM",2016,4,3533.88503607007,2.75812005996704,9.95,2.9923,17.617,"Armenia"
"ARM",2018,0,4027.83393010979,2.25586795806885,10.01,2.969,18.966,"Armenia"
"ARM",2020,4,4032.09043454955,2.70555996894836,12.24,2.9615,18.175,"Armenia"
"ARM",2022,0,4791.00481712183,2.4918999671936,NA,2.9692,13.379,"Armenia"
"AUS",2000,58,45859.5162097045,4.75933980941772,7.59412289,19.028802,6.288,"Australia"
"AUS",2002,2,47486.2783216389,5.30569648742676,7.87627029,19.49521,6.375,"Australia"
"AUS",2004,50,49902.0187022536,5.19307231903076,8.08708572,19.932722,5.399,"Australia"
"AUS",2006,2,51553.9685966991,5.16309022903442,7.97702456,20.450966,4.785,"Australia"
"AUS",2008,46,53336.1012157008,4.9018235206604,8.24855137,21.249199,4.242,"Australia"
"AUS",2010,3,53578.8125049759,6.15043640136719,8.42025661,22.03175,5.214,"Australia"
"AUS",2012,35,55257.5739287362,5.55924797058105,8.67456913,22.733465,5.225,"Australia"
"AUS",2014,3,56327.8533063277,5.4375524520874,9.83354282,23.475686,6.078,"Australia"
"AUS",2016,29,57401.0662268939,5.43038558959961,10.09288597,24.190907,5.711,"Australia"
"AUS",2018,3,58530.7821697117,5.40967607498169,10.05971909,24.963258,5.3,"Australia"
"AUS",2020,46,58132.798523626,5.37828016281128,10.6837368,25.649248,6.456,"Australia"
"AUS",2022,4,61009.8077147403,5.20677661895752,NA,26.014399,3.728,"Australia"
"AUT",2000,3,38571.0858515901,5.58880996704102,9.2,8.011566,4.687,"Austria"
"AUT",2002,17,39313.7226059057,5.52213001251221,9.39,8.081957,4.852,"Austria"
"AUT",2004,7,40333.330706218,5.30243015289307,9.71,8.171966,5.969,"Austria"
"AUT",2006,23,42120.1557756904,5.22652006149292,9.53,8.268641,5.32,"Austria"
"AUT",2008,3,44063.8642404045,5.26395988464355,9.73,8.321496,4.198,"Austria"
"AUT",2010,16,43035.407467795,5.70047998428345,10.22,8.363404,4.883,"Austria"
"AUT",2012,0,44221.4600041556,5.48040008544922,10.2,8.429991,4.909,"Austria"
"AUT",2014,17,43838.8346845363,5.44761991500854,10.37,8.546356,5.674,"Austria"
"AUT",2016,1,44362.6702918145,5.4796199798584,10.35,8.736668,6.064,"Austria"
"AUT",2018,14,45951.5818951582,5.22655010223389,10.35,8.840521,4.933,"Austria"
"AUT",2020,7,43428.6983141255,5.57126998901367,11.39,8.916864,5.201,"Austria"
"AUT",2022,18,47250.969589759,4.77447128295898,NA,9.041851,4.992,"Austria"
"AZE",2000,3,1480.80869072436,3.85399007797241,2.95,8.0486,11.78,"Azerbaijan"
"AZE",2002,0,1754.13524132991,3.15445995330811,2.73,8.17195,10.04,"Azerbaijan"
"AZE",2004,5,2077.88527047339,3.44770002365112,2.66,8.3065,7.99,"Azerbaijan"
"AZE",2006,0,3501.16482500603,2.55552005767822,2.07,8.48455,6.62,"Azerbaijan"
"AZE",2008,6,4693.07707968116,2.44092988967896,2.05,8.7634,5.86,"Azerbaijan"
"AZE",2010,0,5215.20415429496,2.78062009811401,2.65,9.054332,5.63,"Azerbaijan"
"AZE",2012,9,5194.92091665083,2.06763005256653,3.16,9.295784,5.19,"Azerbaijan"
"AZE",2014,0,5506.18169600319,2.63303995132446,3.59,9.535079,4.91,"Azerbaijan"
"AZE",2016,18,5270.738165712,2.90340995788574,4.42,9.757812,5,"Azerbaijan"
"AZE",2018,0,5262.36870473368,2.45543003082275,3.84,9.939771,4.9,"Azerbaijan"
"AZE",2020,7,5083.56025445721,4.33204984664917,5.85,10.093121,7.24,"Azerbaijan"
"AZE",2022,0,5595.25578671563,3.04690003395081,NA,10.141756,5.65,"Azerbaijan"
"BDI",2000,0,302.219163799824,2.64547991752625,4.22181606,6.470194,3.129,"Burundi"
"BDI",2002,0,305.4383585397,3.00493001937866,5.34983587,6.824132,3.169,"Burundi"
"BDI",2004,0,295.235119511615,3.74496006965637,7.09572744,7.310656,3.177,"Burundi"
"BDI",2006,0,291.866399549575,NA,8.71264839,7.865547,3.185,"Burundi"
"BDI",2008,0,292.793764973044,5.19290018081665,7.74147511,8.505637,1.634,"Burundi"
"BDI",2010,0,289.856950614392,6.67801666259766,11.28196716,9.376444,1.616,"Burundi"
"BDI",2012,0,293.232620547249,6.03472852706909,8.63756466,10.071028,1.593,"Burundi"
"BDI",2014,0,299.077479357732,7.51637983322144,7.21081543,10.799785,1.572,"Burundi"
"BDI",2016,1,274.513363399011,4.96585083007812,7.06148243,11.239451,1.347,"Burundi"
"BDI",2018,0,265.672394335817,5.4135274887085,7.29396152,11.859446,1.146,"Burundi"
"BDI",2020,0,255.078218433565,5.32158517837524,10.71837234,12.617036,1.03,"Burundi"
"BDI",2022,0,253.69164159159,4.82104730606079,NA,13.321097,0.915,"Burundi"
"BEL",2000,5,35878.3153948197,5.53273296356201,7.99917603,10.25125,6.586,"Belgium"
"BEL",2002,0,36600.862545353,5.78968381881714,8.31820965,10.332785,6.91,"Belgium"
"BEL",2004,3,37976.697319251,5.62933778762817,9.32808781,10.421137,7.363,"Belgium"
"BEL",2006,0,39371.0857898642,5.62658596038818,9.12963009,10.547958,8.246,"Belgium"
"BEL",2008,2,40380.9074712395,6.33294010162354,9.5951395,10.709973,6.976,"Belgium"
"BEL",2010,0,39991.5646228587,6.44259023666382,10.20229435,10.895586,8.293,"Belgium"
"BEL",2012,3,40074.4928091814,6.25576496124268,10.50204754,11.106932,7.542,"Belgium"
"BEL",2014,0,40533.9134833922,6.59046983718872,10.60909367,11.209057,8.523,"Belgium"
"BEL",2016,6,41172.8862464509,6.46173000335693,10.79354668,11.331422,7.83,"Belgium"
"BEL",2018,1,42208.3625852238,6.38107013702393,10.86148262,11.427054,5.941,"Belgium"
"BEL",2020,7,40769.0218401768,6.80185985565186,11.19751263,11.538604,5.545,"Belgium"
"BEL",2022,1,44583.5767711768,NA,NA,11.68021,5.57,"Belgium"
"BLR",2000,17,2615.36929738429,6.19661998748779,5.28,9.97961,12.224,"Belarus"
"BLR",2002,1,2910.40552581074,NA,5.62,9.865548,10.908,"Belarus"
"BLR",2004,14,3520.41196333398,5.7122597694397,5.74,9.730146,9.452,"Belarus"
"BLR",2006,1,4291.69554039507,6.07696008682251,5.57,9.604924,8.024,"Belarus"
"BLR",2008,14,5177.65628805365,5.71321535110474,5.29,9.527985,6.698,"Belarus"
"BLR",2010,3,5616.10598460952,5.22003984451294,5.66,9.483836,6.045,"Belarus"
"BLR",2012,10,6052.65016288478,4.95964002609253,5.25,9.446836,5.946,"Belarus"
"BLR",2014,6,6212.92980286522,4.81832981109619,5.39,9.448515,5.902,"Belarus"
"BLR",2016,9,5811.21387285116,4.94654989242554,5.91,9.469379,5.844,"Belarus"
"BLR",2018,3,6165.92623183228,5.38110017776489,5.53,9.438785,4.763,"Belarus"
"BLR",2020,7,6252.00220091446,4.86263990402222,6.41,9.379952,4.049,"Belarus"
"BLR",2022,2,6206.63221336061,4.62823009490967,NA,9.228071,3.574,"Belarus"
"BRA",2000,12,6817.78424119813,3.94893002510071,8.33457184,174.018282,10.889,"Brazil"
"BRA",2002,0,6944.62337530502,3.75037002563477,8.69686985,178.503484,10.641,"Brazil"
"BRA",2004,10,7258.78185202231,3.97447991371155,8.12491989,182.675143,10.072,"Brazil"
"BRA",2006,0,7622.04007171401,4.87060022354126,8.24952507,186.653106,9.692,"Brazil"
"BRA",2008,17,8330.76459882987,5.26883983612061,8.01128483,190.367302,8.268,"Brazil"
"BRA",2010,0,8792.63436164336,5.64879989624023,7.94516611,193.701929,8.422,"Brazil"
"BRA",2012,17,9167.49923975685,5.85510015487671,7.73637724,196.876111,7.251,"Brazil"
"BRA",2014,0,9338.34278324839,5.94848012924194,8.39644146,200.085127,6.755,"Brazil"
"BRA",2016,19,8577.8437669383,6.314040184021,9.16901493,203.218114,11.58,"Brazil"
"BRA",2018,0,8722.33630361577,6.08851003646851,9.46475029,206.107261,12.329,"Brazil"
"BRA",2020,21,8435.01143297182,5.77150011062622,10.18235016,208.660842,13.697,"Brazil"
"BRA",2022,0,9032.08481611491,NA,NA,210.306415,9.231,"Brazil"
"BRN",2000,0,37509.5983267664,3.70590996742249,2.5479064,0.326424,5.459,"Brunei Darussalam"
"BRN",2002,0,37976.262662486,NA,2.53447938,0.340099,5.575,"Brunei Darussalam"
"BRN",2004,0,37948.6589495693,NA,2.55193377,0.352911,5.786,"Brunei Darussalam"
"BRN",2006,0,38229.3564968534,NA,1.9072516,0.364663,5.997,"Brunei Darussalam"
"BRN",2008,0,34126.6940866315,NA,1.87612021,0.377793,6.216,"Brunei Darussalam"
"BRN",2010,0,33121.3176732283,2.04661011695862,2.27826095,0.392332,6.455,"Brunei Darussalam"
"BRN",2012,1,33544.538880398,2.88959002494812,1.85097206,0.405557,6.482,"Brunei Darussalam"
"BRN",2014,0,31148.729616258,3.35318994522095,1.91436803,0.41675,6.862,"Brunei Darussalam"
"BRN",2016,2,29492.4145383772,4.42540979385376,2.54828691,0.427564,8.574,"Brunei Darussalam"
"BRN",2018,0,29200.1951241759,NA,2.41289377,0.43781,8.7,"Brunei Darussalam"
"BRN",2020,1,30015.9587299585,NA,2.39334464,0.447404,7.409,"Brunei Darussalam"
"BRN",2022,0,28549.175527547,NA,NA,0.45537,5.191,"Brunei Darussalam"
"BGR",2000,13,3721.30348182223,4.21983289718628,5.83,8.170172,16.218,"Bulgaria"
"BGR",2002,3,4264.27177080032,3.38608002662659,7.08,7.837161,18.11,"Bulgaria"
"BGR",2004,12,4854.27341537934,4.24988985061646,6.89,7.71686,12.037,"Bulgaria"
"BGR",2006,1,5634.91118964622,3.90346002578735,6.53,7.601022,8.951,"Bulgaria"
"BGR",2008,5,6470.58971544526,4.2190899848938,6.28,7.492561,5.609,"Bulgaria"
"BGR",2010,0,6434.55247966718,3.85746002197266,7.1,7.395599,10.279,"Bulgaria"
"BGR",2012,3,6699.50303013555,3.47650003433228,7.54,7.305888,12.27,"Bulgaria"
"BGR",2014,0,6802.71036465632,4.07005310058594,7.68,7.223938,11.424,"Bulgaria"
"BGR",2016,3,7344.44354121172,3.39370822906494,7.46,7.127822,7.575,"Bulgaria"
"BGR",2018,0,7851.72598908168,4.04709005355835,7.33,7.025037,5.211,"Bulgaria"
"BGR",2020,6,7990.69254981114,4.50513982772827,8.48,6.934015,5.125,"Bulgaria"
"BGR",2022,0,9352.32652776208,NA,NA,6.643324,4.268,"Bulgaria"
"CAN",2000,14,37906.8601153293,5.42331981658936,8.24814415,30.68573,6.829,"Canada"
"CAN",2002,17,38921.6672955178,4.99308013916016,8.85670471,31.359199,7.665,"Canada"
"CAN",2004,12,40108.758738975,NA,9.06628132,31.938807,7.185,"Canada"
"CAN",2006,24,41663.5123054377,NA,9.34210205,32.571193,6.484,"Canada"
"CAN",2008,20,42067.5686998623,4.62612009048462,9.60754967,33.247298,6.284,"Canada"
"CAN",2010,26,41164.3399062659,5.356369972229,10.67611408,34.005902,8.178,"Canada"
"CAN",2012,18,42320.6431282192,4.69258737564087,10.50971508,34.713395,7.392,"Canada"
"CAN",2014,25,43643.2356474848,4.84358978271484,10.25765324,35.434066,7.023,"Canada"
"CAN",2016,22,43551.3426018259,4.81642007827759,11.0319252,36.110803,7.038,"Canada"
"CAN",2018,29,44907.3436837248,4.8889799118042,10.90542507,37.07262,5.837,"Canada"
"CAN",2020,24,42366.1285192527,4.88794994354248,13.0351181,38.028638,9.657,"Canada"
"CAN",2022,26,45227.1447354204,4.13957166671753,11.15471363,38.939056,5.279,"Canada"
"CHI",2000,1,NA,NA,NA,0.14811,5.551,"Channel Islands"
"CHI",2002,0,NA,NA,NA,0.149881,5.507,"Channel Islands"
"CHI",2004,3,NA,NA,NA,0.152039,6.047,"Channel Islands"
"CHI",2006,0,NA,NA,NA,0.154214,5.762,"Channel Islands"
"CHI",2008,1,NA,NA,NA,0.156408,5.478,"Channel Islands"
"CHI",2010,0,64727.4337756302,NA,NA,0.158621,7.225,"Channel Islands"
"CHI",2012,0,60866.0849987586,NA,NA,0.160767,8.264,"Channel Islands"
"CHI",2014,0,61897.0637766157,NA,NA,0.162726,8.571,"Channel Islands"
"CHI",2016,0,62438.4790204275,NA,NA,0.163883,7.715,"Channel Islands"
"CHI",2018,0,63864.3737319613,NA,NA,0.164949,6.571,"Channel Islands"
"CHI",2020,0,58640.7349454753,NA,NA,0.166235,6.863,"Channel Islands"
"CHI",2022,0,67513.5801037972,NA,NA,0.167215,6.147,"Channel Islands"
"CHN",2000,58,2193.89686642215,NA,4.50828123,1262.645,3.26,"China"
"CHN",2002,8,2557.89161202627,NA,4.38285255,1280.4,4.24,"China"
"CHN",2004,64,3061.83317262874,NA,4.29347467,1296.075,4.49,"China"
"CHN",2006,11,3800.76579592591,2.44128441810608,3.94742203,1311.02,4.43,"China"
"CHN",2008,100,4711.64344921263,3.63178825378418,3.900002,1324.655,4.59,"China"
"CHN",2010,11,5647.06872713954,3.55966520309448,4.23068333,1337.705,4.53,"China"
"CHN",2012,92,6591.66249405644,4.29788875579834,4.56584787,1354.19,4.58,"China"
"CHN",2014,9,7532.78530130172,4.10536003112793,4.77790594,1371.86,4.63,"China"
"CHN",2016,70,8516.52874235572,4.20638513565063,4.97955608,1387.79,4.56,"China"
"CHN",2018,9,9619.20947510677,4.02442407608032,5.16790485,1402.76,4.31,"China"
"CHN",2020,89,10358.1699971792,4.2333812713623,5.59359741,1411.1,5,"China"
"CHN",2022,15,11555.9302384568,4.02356958389282,NA,1412.175,4.98,"China"
"CIV",2000,0,1717.95385651231,2.40031003952026,6.12679291,17.699004,4.816,"Cote d'Ivoire"
"CIV",2002,0,1551.27925902838,2.81048011779785,5.90386152,18.654771,5.474,"Cote d'Ivoire"
"CIV",2004,0,1451.86547141894,2.91176009178162,5.47516584,19.595,5.883,"Cote d'Ivoire"
"CIV",2006,0,1437.77453798586,2.8199999332428,4.76326609,20.546802,6.009,"Cote d'Ivoire"
"CIV",2008,0,1454.62731800082,3.09853005409241,4.56869602,21.514439,6.379,"Cote d'Ivoire"
"CIV",2010,0,1540.52927270246,3.24651002883911,4.41577387,22.488065,6.618,"Cote d'Ivoire"
"CIV",2012,0,1503.43433046682,3.4344699382782,4.4273715,23.467078,7.223,"Cote d'Ivoire"
"CIV",2014,0,1742.53693001178,3.31416988372803,3.7310183,24.527395,3.285,"Cote d'Ivoire"
"CIV",2016,2,1889.27777949938,3.93593001365662,3.32101274,25.989405,1.896,"Cote d'Ivoire"
"CIV",2018,0,2013.32307598499,3.21164989471436,3.0916779,27.464173,2.85,"Cote d'Ivoire"
"CIV",2020,1,2055.08483996432,3.78674006462097,3.62587261,28.915449,2.584,"Cote d'Ivoire"
"CIV",2022,0,2223.28825303231,3.51197004318237,NA,30.395002,2.306,"Cote d'Ivoire"
"CMR",2000,1,1151.27689302947,1.70284998416901,4.11237431,14.912631,7.536,"Cameroon"
"CMR",2002,0,1189.96707897027,NA,4.02669907,15.725528,6.709,"Cameroon"
"CMR",2004,1,1271.74326874167,2.79530000686646,3.72798967,16.610487,5.091,"Cameroon"
"CMR",2006,0,1277.32990712342,2.53991007804871,3.73662806,17.550407,3.729,"Cameroon"
"CMR",2008,1,1295.02211276052,2.49827003479004,3.65843678,18.574056,3.387,"Cameroon"
"CMR",2010,0,1290.9013745759,2.84803009033203,3.57742167,19.668066,4.11,"Cameroon"
"CMR",2012,1,1319.66961634054,2.60306000709534,3.9310236,20.809529,3.835,"Cameroon"
"CMR",2014,0,1381.81938454907,2.58396005630493,3.78765464,22.059893,3.534,"Cameroon"
"CMR",2016,0,1435.61830727839,2.56234002113342,3.5937767,23.454161,3.528,"Cameroon"
"CMR",2018,0,1461.01969999317,3.03096008300781,3.61970162,24.806383,3.601,"Cameroon"
"CMR",2020,0,1434.51913723409,3.10390138626099,3.77177453,26.210558,3.87,"Cameroon"
"CMR",2022,0,1458.66180431693,2.61768436431885,NA,27.632771,3.653,"Cameroon"
"COL",2000,1,4016.80951748167,3.5112099647522,5.63529348,39.089934,20.52,"Colombia"
"COL",2002,0,4058.28493578738,NA,5.73296595,40.32468,14.481,"Colombia"
"COL",2004,2,4311.91591255233,NA,5.79892111,41.543171,13.717,"Colombia"
"COL",2006,0,4694.03442939175,NA,6.33546638,42.691084,11.091,"Colombia"
"COL",2008,3,5048.57187245249,NA,6.84192228,43.758808,11.273,"Colombia"
"COL",2010,0,5214.24547620131,NA,7.07130146,44.777319,11.153,"Colombia"
"COL",2012,9,5675.75617978305,NA,6.74601603,45.71581,9.959,"Colombia"
"COL",2014,0,6121.83982019825,NA,7.18553209,46.565429,8.799,"Colombia"
"COL",2016,8,6316.07067782542,NA,7.53117037,47.437512,8.922,"Colombia"
"COL",2018,0,6353.5464285392,NA,7.62541437,49.024465,9.36,"Colombia"
"COL",2020,5,5891.95523215403,NA,8.71432114,50.629997,15.983,"Colombia"
"COL",2022,0,6854.20923557884,NA,NA,51.737944,10.547,"Colombia"
"CRI",2000,2,7726.51985682031,4.66695022583008,6.56498766,3.937739,5.08,"Costa Rica"
"CRI",2002,0,7989.55926102157,5.15044021606445,6.8690877,4.075705,6.396,"Costa Rica"
"CRI",2004,0,8445.52914945791,4.89062976837158,6.63006067,4.200078,6.445,"Costa Rica"
"CRI",2006,0,9160.29437453236,4.61613988876343,6.93530846,4.32134,5.926,"Costa Rica"
"CRI",2008,0,10104.9092039691,4.88697004318237,7.46854782,4.440056,4.934,"Costa Rica"
"CRI",2010,0,10285.0856660419,6.56574010848999,8.02937794,4.555962,7.171,"Costa Rica"
"CRI",2012,0,11001.5192856576,6.58239984512329,7.78642321,4.663934,9.11,"Costa Rica"
"CRI",2014,0,11422.6735793176,6.67952013015747,7.66376162,4.767119,8.499,"Costa Rica"
"CRI",2016,0,12084.4351325634,6.89395999908447,7.31724358,4.866998,8.085,"Costa Rica"
"CRI",2018,0,12679.5253643016,6.76991987228394,7.28587723,4.957818,9.01,"Costa Rica"
"CRI",2020,0,12242.2098908533,6.62898015975952,7.8254571,5.03432,16.432,"Costa Rica"
"CRI",2022,0,13686.1614090822,NA,NA,5.081765,11.325,"Costa Rica"
"CUB",2000,29,4112.26168350671,7.70481014251709,6.58189821,11.109109,5.45,"Cuba"
"CUB",2002,0,4277.39565642359,9.57116985321045,7.11481619,11.177418,3.31,"Cuba"
"CUB",2004,27,4670.18802138025,10.2682304382324,6.83178711,11.238756,1.854,"Cuba"
"CUB",2006,0,5799.41163668615,9.05716991424561,8.2719059,11.27855,1.913,"Cuba"
"CUB",2008,30,6469.08507847668,14.0590801239014,11.31422806,11.291762,1.583,"Cuba"
"CUB",2010,0,6716.49048497058,12.8373098373413,10.6880827,11.297409,2.5,"Cuba"
"CUB",2012,15,7109.24834185635,11.5516605377197,9.29940987,11.303175,3.46,"Cuba"
"CUB",2014,0,7392.48324633027,9.6074686050415,12.1412344,11.285775,2.7,"Cuba"
"CUB",2016,11,7774.0698462623,9.01313304901123,12.2177515,11.265612,2,"Cuba"
"CUB",2018,0,8120.43123558256,NA,11.0184288,11.227118,1.7,"Cuba"
"CUB",2020,15,7252.31672155863,NA,12.48639679,11.176354,2.24,"Cuba"
"CUB",2022,0,7552.3170665821,NA,NA,11.05982,1.82,"Cuba"
"CYP",2000,0,22383.865234375,4.98954010009766,5.31,0.947667,4.766,"Cyprus"
"CYP",2002,0,23604.080078125,5.58166980743408,5.62,0.98144,3.336,"Cyprus"
"CYP",2004,0,24799.546875,6.11772012710571,5.41,1.017875,4.77,"Cyprus"
"CYP",2006,0,26395.41015625,6.3302698135376,5.46,1.054418,4.593,"Cyprus"
"CYP",2008,0,27449.04296875,6.72276020050049,6.01,1.091026,3.756,"Cyprus"
"CYP",2010,0,26090.048828125,6.52559995651245,6.5,1.127816,6.359,"Cyprus"
"CYP",2012,1,24285.49609375,5.89526700973511,6.54,1.165397,12.097,"Cyprus"
"CYP",2014,0,22581.828125,6.42111015319824,6.93,1.201801,16.277,"Cyprus"
"CYP",2016,0,24916.6328125,6.11811017990112,6.65,1.237112,13.006,"Cyprus"
"CYP",2018,0,27406.4765625,5.0253529548645,6.83,1.270737,8.504,"Cyprus"
"CYP",2020,0,27391.58984375,5.63694000244141,8.41,1.302247,7.755,"Cyprus"
"CYP",2022,0,32015.3515625,NA,NA,1.33137,6.806,"Cyprus"
"CZE",2000,8,12543.9364338645,3.64034008979797,5.70103025,10.255063,8.764,"Czechia"
"CZE",2002,3,13179.9878099111,3.95878005027771,6.17736149,10.196916,7.28,"Czechia"
"CZE",2004,9,14259.6334294387,3.99238991737366,6.35071039,10.197101,8.298,"Czechia"
"CZE",2006,4,16107.3042504372,4.1955099105835,6.16380167,10.238905,7.141,"Czechia"
"CZE",2008,7,17190.6470317686,3.7271900177002,6.33024931,10.384603,4.392,"Czechia"
"CZE",2010,6,16665.9317833287,4.03350019454956,7.58647251,10.47441,7.281,"Czechia"
"CZE",2012,11,16772.3539228258,4.22070980072021,7.62448311,10.510785,6.979,"Czechia"
"CZE",2014,9,17118.0425569684,3.96522998809814,7.61248875,10.525347,6.108,"Czechia"
"CZE",2016,10,18359.0978117405,5.55373001098633,7.44554329,10.566332,3.952,"Czechia"
"CZE",2018,7,19736.629527594,4.26605987548828,7.47048092,10.629928,2.246,"Czechia"
"CZE",2020,11,19233.1469565497,4.72159004211426,9.2136879,10.697858,2.55,"Czechia"
"CZE",2022,2,20627.3486496304,NA,NA,10.672118,2.224,"Czechia"
"DNK",2000,6,49266.9882702373,8.08434009552002,8.1,5.339616,4.476,"Denmark"
"DNK",2002,0,49624.5965334337,8.2130298614502,8.7,5.375931,4.274,"Denmark"
"DNK",2004,8,50956.3045506744,8.2076301574707,9.01,5.404523,5.204,"Denmark"
"DNK",2006,0,53823.1590414696,7.72990989685059,9.17,5.437272,3.897,"Denmark"
"DNK",2008,7,53572.5346597284,7.47604990005493,9.51,5.493621,3.683,"Denmark"
"DNK",2010,0,51209.4492636368,8.55955028533936,10.61,5.547683,7.746,"Denmark"
"DNK",2012,9,51470.6898338005,7.23782014846802,10.52,5.591572,7.798,"Denmark"
"DNK",2014,0,52368.3625852985,7.634850025177,10.31,5.643475,6.925,"Denmark"
"DNK",2016,15,54300.2039530893,7.69106006622314,10.25,5.72801,5.989,"Denmark"
"DNK",2018,0,56355.0733009054,7.29690980911255,10.1,5.793636,5.131,"Denmark"
"DNK",2020,11,55934.5556066994,7.38354015350342,10.56,5.831404,5.637,"Denmark"
"DNK",2022,0,60248.6712302435,5.29643440246582,9.5,5.903037,4.434,"Denmark"
"DOM",2000,0,4154.06265527713,1.88829004764557,4.88427496,8.58419,6.432,"Dominican Republic"
"DOM",2002,0,4312.88294593947,1.9140100479126,4.98649025,8.852235,6.779,"Dominican Republic"
"DOM",2004,1,4243.09468795653,NA,4.2877388,9.104892,6.303,"Dominican Republic"
"DOM",2006,0,4940.89563402297,NA,3.99365425,9.341183,5.654,"Dominican Republic"
"DOM",2008,2,5344.93067784953,NA,4.56146193,9.57313,4.764,"Dominican Republic"
"DOM",2010,0,5698.41429685183,1.88728785514832,4.92355442,9.820175,5.212,"Dominican Republic"
"DOM",2012,2,5886.66561521702,NA,5.04897833,10.070411,6.722,"Dominican Republic"
"DOM",2014,0,6451.88289713534,3.62243437767029,4.79757166,10.315528,6.719,"Dominican Republic"
"DOM",2016,1,7193.70124923098,3.85049557685852,4.57663107,10.55143,7.284,"Dominican Republic"
"DOM",2018,0,7882.85726898612,3.91821074485779,4.12601566,10.782053,5.861,"Dominican Republic"
"DOM",2020,5,7565.84276444044,4.51769828796387,4.93998051,11.0083,6.126,"Dominican Republic"
"DOM",2022,0,8730.59334982646,3.94027137756348,NA,11.230734,5.504,"Dominican Republic"
"ECU",2000,0,3953.39879728357,1.20265996456146,3.33441973,12.689206,4.8,"Ecuador"
"ECU",2002,0,4174.89793579965,NA,4.47671938,13.138472,4.836,"Ecuador"
"ECU",2004,0,4430.23717984188,NA,5.56991434,13.608701,5.002,"Ecuador"
"ECU",2006,0,4706.98056823816,NA,5.70635176,14.086131,3.55,"Ecuador"
"ECU",2008,1,4939.90215021789,NA,5.46596193,14.575202,3.917,"Ecuador"
"ECU",2010,0,5022.20374387205,4.60028982162476,6.22109413,15.076695,4.088,"Ecuador"
"ECU",2012,0,5579.85624282158,4.65310001373291,6.86373377,15.572194,3.235,"Ecuador"
"ECU",2014,0,6055.04172761485,5.21020984649658,6.83199883,16.035124,3.48,"Ecuador"
"ECU",2016,0,5849.13587933672,4.36274814605713,7.41604376,16.505139,4.597,"Ecuador"
"ECU",2018,0,6063.09567428953,4.62145519256592,7.82609653,17.049547,3.53,"Ecuador"
"ECU",2020,3,5355.68933100132,4.26103019714355,8.35889626,17.546065,6.127,"Ecuador"
"ECU",2022,0,6148.02265521212,3.59897994995117,NA,17.823897,3.761,"Ecuador"
"EGY",2000,0,2458.60835003016,NA,4.92244291,73.083284,8.98,"Egypt, Arab Rep."
"EGY",2002,0,2498.48121191713,4.7958836555481,5.5107379,76.239137,10.01,"Egypt, Arab Rep."
"EGY",2004,5,2574.42341789124,4.67072010040283,4.85732365,79.477443,10.32,"Egypt, Arab Rep."
"EGY",2006,0,2761.62410769792,4.00178003311157,4.84190083,82.700403,10.49,"Egypt, Arab Rep."
"EGY",2008,2,3052.21297844721,3.76082992553711,4.46634817,85.864789,8.517,"Egypt, Arab Rep."
"EGY",2010,0,3233.84521246786,3.54265189170837,4.15319157,89.196072,8.757,"Egypt, Arab Rep."
"EGY",2012,4,3220.99194203067,3.36830472946167,4.45891809,93.161001,12.597,"Egypt, Arab Rep."
"EGY",2014,0,3235.66246235257,4.25138568878174,4.77415323,97.528654,13.105,"Egypt, Arab Rep."
"EGY",2016,3,3381.22246306207,NA,5.07462406,101.644589,12.45,"Egypt, Arab Rep."
"EGY",2018,0,3568.63966286161,NA,4.74892998,105.682094,9.855,"Egypt, Arab Rep."
"EGY",2020,6,3770.86947867421,NA,4.15384626,109.315124,7.974,"Egypt, Arab Rep."
"EGY",2022,0,4029.78295457978,NA,NA,112.61825,7.344,"Egypt, Arab Rep."
"ERI",2000,0,845.132430060544,NA,5.76670074,2.247031,5.608,"Eritrea"
"ERI",2002,0,889.009113592982,3.52390003204346,6.68857431,2.392978,5.708,"Eritrea"
"ERI",2004,1,808.591420184592,3.14896988868713,7.00984955,2.598284,5.569,"Eritrea"
"ERI",2006,0,789.402432018085,2.12700009346008,6.85727453,2.703502,5.566,"Eritrea"
"ERI",2008,0,693.398874212494,NA,6.415205,2.816327,5.524,"Eritrea"
"ERI",2010,0,703.877374381654,NA,4.83844233,2.945186,5.675,"Eritrea"
"ERI",2012,0,NA,NA,3.7449646,3.036988,5.501,"Eritrea"
"ERI",2014,0,NA,NA,4.02524328,3.095173,5.43,"Eritrea"
"ERI",2016,0,NA,NA,3.6608541,3.124698,5.554,"Eritrea"
"ERI",2018,0,NA,NA,4.12701797,3.19276,5.511,"Eritrea"
"ERI",2020,0,NA,NA,4.15886974,3.291271,6.088,"Eritrea"
"ERI",2022,0,NA,NA,NA,3.409447,5.695,"Eritrea"
"EST",2000,3,10006.7692608845,5.33945989608765,5.17029095,1.396985,13.36,"Estonia"
"EST",2002,3,11474.6621891541,5.43460988998413,4.70329475,1.37935,10.026,"Estonia"
"EST",2004,3,13348.5275605242,4.87674999237061,5.33758926,1.36255,10.248,"Estonia"
"EST",2006,3,16234.5146051178,5.85676240921021,4.97390509,1.34681,5.915,"Estonia"
"EST",2008,2,16688.996845909,5.48403978347778,5.95724869,1.33709,5.455,"Estonia"
"EST",2010,1,14657.9387698819,5.51778984069824,6.59433842,1.331475,16.707,"Estonia"
"EST",2012,2,16460.6838753207,4.71772003173828,6.09506845,1.322696,10.021,"Estonia"
"EST",2014,0,17413.6860003066,4.39433002471924,6.36199903,1.314545,7.352,"Estonia"
"EST",2016,1,18264.9867328144,5.15763998031616,6.70240974,1.31579,6.882,"Estonia"
"EST",2018,0,19914.3445867336,5.23997020721436,6.6912818,1.321977,5.412,"Estonia"
"EST",2020,2,19946.944991505,5.52696990966797,7.57906532,1.329522,6.956,"Estonia"
"EST",2022,1,21080.6519716684,NA,6.94306278,1.34884,5.571,"Estonia"
"ETH",2000,8,257.412698845663,3.88614988327026,4.36504698,67.411494,3.5,"Ethiopia"
"ETH",2002,0,266.316614456911,3.63245010375977,4.7126298,71.635517,3.06,"Ethiopia"
"ETH",2004,7,278.648105685268,NA,4.31281853,76.077206,2.767,"Ethiopia"
"ETH",2006,0,325.543392093065,5.49096012115479,4.45757294,80.70349,2.351,"Ethiopia"
"ETH",2008,7,379.238310448137,5.40819978713989,4.28063869,85.543668,2.335,"Ethiopia"
"ETH",2010,0,438.78661648794,4.49659013748169,5.46637249,90.538514,2.3,"Ethiopia"
"ETH",2012,8,500.919355284732,5.56678009033203,4.5395956,95.798767,2.255,"Ethiopia"
"ETH",2014,0,578.632922927813,4.79265069961548,4.03365517,101.11561,2.359,"Ethiopia"
"ETH",2016,8,662.32729587522,5.06151390075684,3.60033751,106.718162,2.554,"Ethiopia"
"ETH",2018,0,734.227726626757,5.22011184692383,3.30371761,112.664152,2.802,"Ethiopia"
"ETH",2020,4,799.47559497498,4.09056520462036,3.48096275,118.917671,3.994,"Ethiopia"
"ETH",2022,0,843.643330424579,3.73649501800537,NA,125.384287,3.409,"Ethiopia"
"FIN",2000,4,37872.6021506974,5.70930004119873,7.09,5.176209,11.134,"Finland"
"FIN",2002,7,39343.0700057835,6.01677989959717,7.63,5.200598,10.423,"Finland"
"FIN",2004,2,41521.9628659913,6.15757989883423,8.06,5.228172,10.358,"Finland"
"FIN",2006,9,44069.3958954602,5.92838001251221,8.28,5.266268,8.935,"Finland"
"FIN",2008,4,46359.8732961912,5.83010005950928,8.34,5.313399,6.369,"Finland"
"FIN",2010,5,43556.5386411304,6.50444984436035,9.14,5.363352,8.394,"Finland"
"FIN",2012,3,43507.9345996826,7.14803981781006,9.59,5.413971,7.689,"Finland"
"FIN",2014,5,42502.4881250833,7.10236978530884,9.78,5.461512,8.663,"Finland"
"FIN",2016,1,43529.676196739,6.85153007507324,9.38,5.495303,8.818,"Finland"
"FIN",2018,6,45337.2411058586,6.27557992935181,9.05,5.515525,7.361,"Finland"
"FIN",2020,2,44690.9801797392,6.6349401473999,9.63,5.529543,7.759,"Finland"
"FIN",2022,8,46356.2256378669,NA,NA,5.556106,6.719,"Finland"
"FRA",2000,38,33255.1379678188,5.60021924972534,9.58447742,60.918661,10.218,"France"
"FRA",2002,11,33753.5782919683,5.78097534179688,10.02218628,61.812142,8.702,"France"
"FRA",2004,33,34557.1471190953,5.54923391342163,10.16429329,62.707588,8.914,"France"
"FRA",2006,9,35645.416247825,5.47531032562256,10.38566494,63.622342,8.832,"France"
"FRA",2008,43,36257.3658869458,5.38727569580078,10.50084686,64.375116,7.386,"France"
"FRA",2010,11,35578.1967958814,5.64279174804688,11.22560215,65.026211,9.279,"France"
"FRA",2012,35,36161.2918334209,5.48835611343384,11.29740047,65.657659,9.841,"France"
"FRA",2014,15,36444.3949135827,5.48920440673828,11.53937244,66.312067,10.273,"France"
"FRA",2016,42,36920.5342871045,5.40805816650391,11.47060013,66.724104,10.057,"France"
"FRA",2018,15,38062.4435971517,5.40716981887817,11.20798969,67.158348,9.018,"France"
"FRA",2020,33,35709.204585868,5.65981006622314,12.13096142,67.60111,8.009,"France"
"FRA",2022,14,38881.2230653186,NA,NA,68.065015,7.308,"France"
"GAB",2000,0,7596.09970650519,3.82709002494812,2.90186048,1.275572,17.789,"Gabon"
"GAB",2002,0,7338.75620613605,NA,3.3248477,1.345135,17.351,"Gabon"
"GAB",2004,0,7148.98713447497,NA,3.33045959,1.421609,17.095,"Gabon"
"GAB",2006,0,6724.08148977274,NA,3.14333963,1.508337,17.785,"Gabon"
"GAB",2008,0,6468.38523357609,NA,2.78980231,1.607175,19.191,"Gabon"
"GAB",2010,0,6481.49612073562,3.07808995246887,2.47556901,1.719879,20.39,"Gabon"
"GAB",2012,1,6803.22668079211,3.01340007781982,2.42097569,1.846889,19.728,"Gabon"
"GAB",2014,0,6998.60545439576,2.66667008399963,2.53282261,1.978399,19.916,"Gabon"
"GAB",2016,0,6991.3251446736,2.66773080825806,3.1076982,2.100306,20.134,"Gabon"
"GAB",2018,0,6724.5961429108,3.07154297828674,2.74500418,2.212318,20.439,"Gabon"
"GAB",2020,0,6534.27966529444,3.39874076843262,3.41300368,2.322539,21.27,"Gabon"
"GAB",2022,0,6527.48207900404,2.20773649215698,NA,2.430747,20.399,"Gabon"
"GEO",2000,6,1561.19867638847,2.18105006217957,7.19,4.077131,10.82,"Georgia"
"GEO",2002,0,1768.5970116888,2.23501992225647,7.81,3.978515,12.59,"Georgia"
"GEO",2004,4,2105.00472843799,2.91420006752014,8.09,3.92734,12.62,"Georgia"
"GEO",2006,0,2554.81253503914,3.00364995002747,7.63,3.880347,13.57,"Georgia"
"GEO",2008,7,2970.15858282428,2.9195499420166,8.44,3.848449,17.87,"Georgia"
"GEO",2010,0,3090.06513662318,2.80364799499512,9.07,3.786695,20.203,"Georgia"
"GEO",2012,6,3609.780798626,1.86033999919891,8.05,3.728874,19.653,"Georgia"
"GEO",2014,0,3960.35080091901,2.99768662452698,7.9,3.719414,17.439,"Georgia"
"GEO",2016,7,4225.09154904806,3.52338004112244,8,3.727505,16.604,"Georgia"
"GEO",2018,0,4713.65354845303,3.46094989776611,7.11,3.726549,12.667,"Georgia"
"GEO",2020,8,4659.60925318234,3.8498592376709,8.43,3.722716,11.73,"Georgia"
"GEO",2022,0,5736.30449578597,3.75498008728027,7.37,3.712502,11.647,"Georgia"
"DEU",2000,56,35087.0891559515,4.06815242767334,9.88843536,82.211508,7.917,"Germany"
"DEU",2002,36,35460.4121336422,4.16305732727051,10.18365669,82.488495,8.482,"Germany"
"DEU",2004,49,35670.4870276152,4.10064888000488,10.14603233,82.51626,10.727,"Germany"
"DEU",2006,29,37437.3918783337,4.02527379989624,10.17995167,82.376451,10.277,"Germany"
"DEU",2008,41,38996.143407627,4.54924011230469,10.25128746,82.110097,7.508,"Germany"
"DEU",2010,30,38517.4397860109,5.09588003158569,11.09592915,81.77693,7.043,"Germany"
"DEU",2012,44,40829.034893805,4.92844009399414,10.85345554,80.425823,5.372,"Germany"
"DEU",2014,19,41588.0763875592,4.92102003097534,11.02588272,80.9825,4.979,"Germany"
"DEU",2016,42,42528.0637107828,4.83923006057739,11.241889,82.348669,4.104,"Germany"
"DEU",2018,31,43874.0130936092,4.97933006286621,11.48051548,82.905782,3.384,"Germany"
"DEU",2020,37,42362.6472136853,5.59038019180298,12.69255257,83.160871,3.881,"Germany"
"DEU",2022,27,44180.4298386996,4.54389047622681,12.65471077,83.797985,3.12,"Germany"
"GHA",2000,0,1021.63839077699,NA,2.790447,19.637087,10.456,"Ghana"
"GHA",2002,0,1051.81029306745,NA,2.88721824,20.729388,8.695,"Ghana"
"GHA",2004,0,1107.6143459009,7.53558015823364,2.76365352,21.868298,6.756,"Ghana"
"GHA",2006,0,1184.52735767503,5.14794015884399,3.67091465,23.040702,4.897,"Ghana"
"GHA",2008,0,1281.83516442323,5.75795984268188,3.87511325,24.249946,5.144,"Ghana"
"GHA",2010,0,1380.3675278719,5.54059982299805,4.22398996,25.474995,5.384,"Ghana"
"GHA",2012,0,1639.51876204035,7.91913986206055,4.00799608,26.734268,3.141,"Ghana"
"GHA",2014,0,1725.29387642979,3.68234825134277,4.01644135,28.041592,4.415,"Ghana"
"GHA",2016,0,1739.72659778545,3.45474433898926,3.39035821,29.356742,5.232,"Ghana"
"GHA",2018,0,1914.26001947098,3.01595592498779,3.80673027,30.637585,3.253,"Ghana"
"GHA",2020,1,1968.96680139824,3.40915989875793,4.01752424,31.887809,3.313,"Ghana"
"GHA",2022,0,2066.17306715611,2.90529441833496,NA,33.149152,3.084,"Ghana"
"GRC",2000,13,18002.9065076414,3.23019003868103,7.24332523,10.805808,11.345,"Greece"
"GRC",2002,0,19548.3677232687,3.42430996894836,8.23377991,10.902022,10.346,"Greece"
"GRC",2004,16,21688.105121913,3.66719007492065,8.0939045,10.955141,10.628,"Greece"
"GRC",2006,0,23220.5324390846,3.64772200584412,8.25866985,11.020362,8.906,"Greece"
"GRC",2008,3,23923.8800608727,3.77288317680359,8.82774162,11.077841,7.664,"Greece"
"GRC",2010,0,21547.7241895964,4.14056491851807,9.59662342,11.121341,12.719,"Greece"
"GRC",2012,2,17924.6620516477,4.58220291137695,8.92415524,11.045011,24.731,"Greece"
"GRC",2014,0,17903.5252559978,4.32135677337646,7.89141178,10.892413,26.708,"Greece"
"GRC",2016,6,18049.9289175756,4.01561069488525,8.44874668,10.775971,23.514,"Greece"
"GRC",2018,0,18769.0390099773,3.59734010696411,8.12024307,10.732882,19.179,"Greece"
"GRC",2020,4,17486.9513800415,4.49500036239624,9.50363827,10.698599,15.899,"Greece"
"GRC",2022,0,20595.4953496212,NA,NA,10.436882,12.426,"Greece"
"GTM",2000,0,3165.93228157771,NA,5.39686108,11.697592,2.606,"Guatemala"
"GTM",2002,0,3213.26827919246,NA,6.01301289,12.246915,2.747,"Guatemala"
"GTM",2004,0,3250.20396478728,NA,6.26182795,12.807402,2.971,"Guatemala"
"GTM",2006,0,3388.14993375257,3.03285002708435,6.36362219,13.367459,2.948,"Guatemala"
"GTM",2008,0,3569.92850622252,3.23686003684998,6.08129978,13.935174,2.873,"Guatemala"
"GTM",2010,0,3546.62571191838,2.8486499786377,6.1247797,14.500112,3.497,"Guatemala"
"GTM",2012,1,3655.57305040072,3.00524997711182,6.07316971,15.089647,2.765,"Guatemala"
"GTM",2014,0,3809.61576365876,2.98562002182007,5.8885684,15.681725,2.717,"Guatemala"
"GTM",2016,0,3924.77882449793,2.94474005699158,6.07008219,16.26876,2.583,"Guatemala"
"GTM",2018,0,4040.21201503384,3.13193988800049,6.10662699,16.845685,2.283,"Guatemala"
"GTM",2020,0,4005.83899021249,3.29503011703491,6.46693325,17.357325,2.955,"Guatemala"
"GTM",2022,0,4385.46451827029,3.22940993309021,NA,17.847877,3.051,"Guatemala"
"HKG",2000,0,26933.2785287204,NA,NA,6.665,4.92,"Hong Kong SAR, China"
"HKG",2002,0,27210.1196148928,4.01554012298584,NA,6.7441,7.28,"Hong Kong SAR, China"
"HKG",2004,1,30304.3331882473,4.5589599609375,NA,6.7835,6.74,"Hong Kong SAR, China"
"HKG",2006,0,34458.0396412134,3.84278988838196,NA,6.8571,4.77,"Hong Kong SAR, China"
"HKG",2008,0,36924.0916159598,3.26062989234924,NA,6.9578,3.56,"Hong Kong SAR, China"
"HKG",2010,0,38090.0341362458,3.51003003120422,NA,7.0242,4.329,"Hong Kong SAR, China"
"HKG",2012,1,39887.8422338754,3.50960993766785,NA,7.1501,3.285,"Hong Kong SAR, China"
"HKG",2014,0,41796.8691228601,3.57255005836487,NA,7.2295,3.296,"Hong Kong SAR, China"
"HKG",2016,0,43087.546608434,3.29269003868103,NA,7.3366,3.392,"Hong Kong SAR, China"
"HKG",2018,0,45280.4955422841,3.32624006271362,NA,7.4526,2.805,"Hong Kong SAR, China"
"HKG",2020,6,41451.3260144604,4.40562009811401,NA,7.481,5.808,"Hong Kong SAR, China"
"HKG",2022,0,43281.7955087576,3.72866010665894,NA,7.3461,4.318,"Hong Kong SAR, China"
"HUN",2000,17,8967.69626924063,4.86840009689331,6.78,10.210971,6.563,"Hungary"
"HUN",2002,0,9825.94319858403,5.17923021316528,7.12,10.158608,5.608,"Hungary"
"HUN",2004,17,10792.7374278506,5.32762002944946,7.76,10.107146,5.832,"Hungary"
"HUN",2006,0,11741.9476769178,5.28974008560181,7.78,10.07137,7.494,"Hungary"
"HUN",2008,10,11932.0383995535,4.9676399230957,7.09,10.038188,7.817,"Hungary"
"HUN",2010,0,11307.7161991209,4.72375011444092,7.45,10.000023,11.172,"Hungary"
"HUN",2012,18,11466.1419094704,4.14249992370605,7.41,9.920362,11.003,"Hungary"
"HUN",2014,0,12233.299367172,4.60187005996704,7.05,9.866468,7.725,"Hungary"
"HUN",2016,15,13035.3528590909,4.61547994613647,6.99,9.814023,5.115,"Hungary"
"HUN",2018,1,14377.4241602939,4.62343978881836,6.58,9.775564,3.708,"Hungary"
"HUN",2020,20,14437.8088480852,4.1535701751709,7.29,9.750149,4.25,"Hungary"
"HUN",2022,3,16343.0586949566,NA,NA,9.644377,3.609,"Hungary"
"IND",2000,1,756.704109527449,4.32479000091553,4.03,1057.922733,7.624,"India"
"IND",2002,0,793.615912906381,NA,4.24,1097.60038,7.753,"India"
"IND",2004,1,892.596614581612,3.35254001617432,3.96,1135.991513,7.625,"India"
"IND",2006,0,1008.23275343783,3.14284992218018,3.63,1172.87889,7.552,"India"
"IND",2008,3,1086.50605251513,NA,3.51,1207.930964,7.656,"India"
"IND",2010,0,1235.15939133951,3.377690076828,3.27,1243.481564,7.652,"India"
"IND",2012,6,1333.09626557668,4.08479833602905,3.33,1278.674502,7.666,"India"
"IND",2014,0,1484.31640682913,3.89878034591675,3.62,1312.277191,7.674,"India"
"IND",2016,2,1694.46534973825,4.256516456604,3.5,1343.944296,7.601,"India"
"IND",2018,0,1883.35772705062,4.3769326210022,2.86,1374.659064,7.652,"India"
"IND",2020,7,1806.50110583878,4.04014158248901,3.34,1402.617695,7.859,"India"
"IND",2022,0,2086.07688562779,4.12072849273682,NA,1425.423212,4.822,"India"
"IRL",2000,1,42643.6343965079,4.13225984573364,5.89902735,3.805174,4.318,"Ireland"
"IRL",2002,0,46022.1410834443,4.10487985610962,6.67263079,3.931947,4.216,"Ireland"
"IRL",2004,0,48906.963231587,4.48296022415161,7.21972942,4.070262,4.491,"Ireland"
"IRL",2006,0,51710.362231689,4.54742002487183,7.516469,4.273591,4.355,"Ireland"
"IRL",2008,3,49512.4261970583,5.45828008651733,9.12564754,4.489544,6.774,"Ireland"
"IRL",2010,0,47040.3543858023,6.05033016204834,10.52404499,4.560155,14.534,"Ireland"
"IRL",2012,6,47217.4433846332,5.76235008239746,10.59787655,4.599533,15.451,"Ireland"
"IRL",2014,0,52098.1049579337,4.86511993408203,9.51343918,4.65774,11.858,"Ireland"
"IRL",2016,2,64367.4069016353,3.74674010276794,7.46859169,4.755335,8.374,"Ireland"
"IRL",2018,0,74427.5520727589,3.37838006019592,6.49550152,4.867316,5.741,"Ireland"
"IRL",2020,4,81791.0934649925,3.25081992149353,7.1091466,4.985382,5.623,"Ireland"
"IRL",2022,0,99677.473101993,NA,6.07060957,5.1657,4.501,"Ireland"
"ISL",2000,1,42174.6650584696,6.4314398765564,8.9,0.281205,1.936,"Iceland"
"ISL",2002,0,43143.4605797013,7.29892015457153,9.4,0.287523,2.988,"Iceland"
"ISL",2004,0,46766.0168708212,7.16118001937866,9.33,0.292074,4.031,"Iceland"
"ISL",2006,0,50731.6906881712,7.19521999359131,8.56,0.303782,2.83,"Iceland"
"ISL",2008,1,53821.47082221,7.03601980209351,8.34,0.317414,2.946,"Iceland"
"ISL",2010,0,48193.7014041013,6.9442400932312,8.36,0.318041,7.564,"Iceland"
"ISL",2012,0,49191.574417162,7.58223009109497,8.18,0.320716,6,"Iceland"
"ISL",2014,0,51233.2440468041,7.6414098739624,8.23,0.327386,4.897,"Iceland"
"ISL",2016,0,55513.6423015865,7.43219995498657,8.1,0.335439,2.978,"Iceland"
"ISL",2018,0,57697.8044237427,7.56349992752075,8.38,0.352721,2.704,"Iceland"
"ISL",2020,0,52641.7234828803,8.58382987976074,9.61,0.366463,5.478,"Iceland"
"ISL",2022,0,57933.4748261586,7.13966512680054,8.57,0.382003,3.789,"Iceland"
"ISR",2000,0,29352.2758538156,5.95195007324219,6.62,6.289,11.102,"Israel"
"ISR",2002,0,28110.3463494109,6.26281976699829,6.92,6.57,12.888,"Israel"
"ISR",2004,2,28808.8298448048,5.75347995758057,6.8,6.809,13.029,"Israel"
"ISR",2006,0,30599.2172149639,5.59218978881836,6.71,7.0537,10.707,"Israel"
"ISR",2008,1,32338.6662012343,5.42434978485107,6.83,7.3088,7.704,"Israel"
"ISR",2010,0,33112.7068111258,5.43390989303589,6.89,7.6236,8.48,"Israel"
"ISR",2012,0,34542.8817579662,5.58893013000488,6.98,7.9105,6.762,"Israel"
"ISR",2014,0,36013.6686508041,5.70471000671387,7.05,8.2157,5.789,"Israel"
"ISR",2016,0,36969.741657336,5.79980993270874,7.1,8.546,4.723,"Israel"
"ISR",2018,0,38599.1089040283,6.06284999847412,7.23,8.8828,3.917,"Israel"
"ISR",2020,0,38049.9903345588,6.47881984710693,7.71,9.2151,4.169,"Israel"
"ISR",2022,0,42710.4017586756,6.45624446868896,NA,9.5575,3.695,"Israel"
"ITA",2000,34,32609.6674684471,4.29107999801636,7.57,56.942108,10.834,"Italy"
"ITA",2002,13,33285.4148556776,4.43240976333618,7.87,57.059007,9.211,"Italy"
"ITA",2004,32,33431.5599098693,4.38520002365112,8.17,57.685327,7.866,"Italy"
"ITA",2006,11,34022.1190389231,4.52545022964478,8.44,58.143979,6.777,"Italy"
"ITA",2008,27,33769.8973537384,4.38794994354248,8.53,58.826731,6.723,"Italy"
"ITA",2010,5,32220.4860698495,4.33411979675293,8.92,59.277417,8.363,"Italy"
"ITA",2012,28,31292.1311312137,4.05601978302002,8.78,59.539717,10.655,"Italy"
"ITA",2014,9,30091.3481539205,4.06127977371216,8.87,60.78914,12.683,"Italy"
"ITA",2016,28,30815.0869082281,3.81578993797302,8.73,60.627498,11.688,"Italy"
"ITA",2018,10,31675.5758014951,4.25614023208618,8.68,60.42176,10.61,"Italy"
"ITA",2020,40,29469.7989279182,4.44135999679565,9.63,59.438851,9.164,"Italy"
"ITA",2022,17,33840.3432155508,NA,9,59.013667,8.069,"Italy"
"JAM",2000,9,4928.33188369804,4.98346996307373,5.64462519,2.607826,6.762,"Jamaica"
"JAM",2002,0,5031.19564397903,5.37522983551025,4.74544334,2.640572,6.619,"Jamaica"
"JAM",2004,5,5222.09798764334,3.91254997253418,4.80435276,2.672225,6.539,"Jamaica"
"JAM",2006,0,5363.82690314058,NA,4.20788145,2.700968,6.605,"Jamaica"
"JAM",2008,11,5347.63274507982,6.19131994247437,5.61143064,2.725635,6.666,"Jamaica"
"JAM",2010,0,4998.66718141268,6.37060022354126,5.2951932,2.748568,7.63,"Jamaica"
"JAM",2012,13,5010.45967443592,6.11246013641357,4.88512897,2.77243,8.695,"Jamaica"
"JAM",2014,0,5032.44263080999,6.01586008071899,5.16564465,2.793749,9.046,"Jamaica"
"JAM",2016,11,5119.03971902628,5.31461000442505,5.70102215,2.809915,8.634,"Jamaica"
"JAM",2018,0,5248.77402203987,5.41380977630615,5.96798849,2.820097,5.47,"Jamaica"
"JAM",2020,9,4752.33342267359,5.61749505996704,6.62580395,2.830739,6.501,"Jamaica"
"JAM",2022,0,5215.08607266374,5.35435009002686,NA,2.839144,4.083,"Jamaica"
"JOR",2000,0,3412.07673213708,NA,9.34367943,5.386945,13.7,"Jordan"
"JOR",2002,0,3644.62434644332,NA,9.2786417,5.616066,15.3,"Jordan"
"JOR",2004,0,3935.15704743447,NA,8.74670506,5.882061,14.628,"Jordan"
"JOR",2006,0,4209.86864014361,NA,7.67925692,6.427371,14,"Jordan"
"JOR",2008,0,4489.95545537311,NA,8.48880577,6.989866,12.7,"Jordan"
"JOR",2010,0,4621.5742854131,NA,8.17025661,7.297043,12.5,"Jordan"
"JOR",2012,0,4677.47613977192,NA,7.81799555,7.587127,12.2,"Jordan"
"JOR",2014,0,4282.11872849239,NA,7.20892906,8.79171,11.9,"Jordan"
"JOR",2016,1,3933.14704611068,3.45282006263733,6.97644138,10.006367,15.275,"Jordan"
"JOR",2018,0,3928.77026821205,2.95461988449097,6.98295021,10.462306,18.257,"Jordan"
"JOR",2020,2,3806.87949354914,NA,7.03820276,10.865228,19.213,"Jordan"
"JOR",2022,0,3909.80226400152,3.16022992134094,NA,11.256263,18.2,"Jordan"
"JPN",2000,18,31430.6311303282,3.46011996269226,7.03,126.843,4.748,"Japan"
"JPN",2002,2,31416.1241772435,3.40898990631104,7.35,127.445,5.386,"Japan"
"JPN",2004,37,32515.1158024317,3.42611002922058,7.54,127.761,4.734,"Japan"
"JPN",2006,1,33531.5185630775,3.27667999267578,7.69,127.854,4.192,"Japan"
"JPN",2008,25,33557.6454041531,3.27241992950439,8.09,128.063,4.002,"Japan"
"JPN",2010,5,32942.2020783725,3.59951996803284,9.06,128.07,5.102,"Japan"
"JPN",2012,38,33518.444936892,3.41945004463196,10.67,127.629,4.358,"Japan"
"JPN",2014,8,34386.905855287,3.41529989242554,10.73,127.276,3.589,"Japan"
"JPN",2016,41,35242.1993771881,3.14643001556396,10.66,127.076,3.132,"Japan"
"JPN",2018,13,36138.5290824719,3.07782006263733,10.74,126.811,2.467,"Japan"
"JPN",2020,58,34650.7967802766,3.30628991127014,11,126.261,2.809,"Japan"
"JPN",2022,18,36202.639274898,3.23762130737305,NA,125.124989,2.6,"Japan"
"KAZ",2000,7,4269.33016782791,3.25661993026733,4.16,15.501103,12.75,"Kazakhstan"
"KAZ",2002,0,5267.6990320263,3.02970004081726,3.61,15.656677,9.33,"Kazakhstan"
"KAZ",2004,8,6233.29439373307,2.25590991973877,3.98,15.850159,8.4,"Kazakhstan"
"KAZ",2006,0,7450.39687062615,2.62678003311157,3.4,16.103716,7.79,"Kazakhstan"
"KAZ",2008,9,8216.52181589585,2.58945989608765,3.05,16.426525,6.63,"Kazakhstan"
"KAZ",2010,1,8704.70655484556,3.58735489845276,2.74,16.83681,5.77,"Kazakhstan"
"KAZ",2012,11,9531.91477617058,3.90163707733154,3.04,17.306106,5.29,"Kazakhstan"
"KAZ",2014,1,10226.7100539683,3.429039478302,2.97,17.816285,5.06,"Kazakhstan"
"KAZ",2016,17,10151.423313302,3.56325101852417,3.42,18.3636,4.96,"Kazakhstan"
"KAZ",2018,1,10670.2120148279,3.15191626548767,2.82,18.932727,4.85,"Kazakhstan"
"KAZ",2020,8,10565.0359816235,4.44620370864868,3.75,19.482117,4.89,"Kazakhstan"
"KAZ",2022,0,11058.3482413407,4.45820236206055,NA,20.034609,4.86,"Kazakhstan"
"KEN",2000,7,1195.41296851656,5.1867299079895,3.62714171,30.64289,2.889,"Kenya"
"KEN",2002,0,1171.4262517349,6.17199993133545,3.84691834,32.629808,2.919,"Kenya"
"KEN",2004,7,1191.25443604556,6.79692983627319,4.23645926,34.713455,2.848,"Kenya"
"KEN",2006,0,1263.54164666211,7.04983997344971,5.11269999,36.904008,2.68,"Kenya"
"KEN",2008,16,1273.77226103073,NA,5.28900909,39.206351,2.756,"Kenya"
"KEN",2010,0,1340.16467408856,4.81548976898193,5.38849831,41.598567,2.796,"Kenya"
"KEN",2012,13,1396.30178709756,4.93121004104614,5.0180583,43.888303,2.682,"Kenya"
"KEN",2014,0,1450.59338202277,4.7172999382019,4.91267347,46.05144,2.768,"Kenya"
"KEN",2016,13,1517.97796057742,4.66556310653687,4.75429106,48.139687,2.757,"Kenya"
"KEN",2018,0,1596.69045914945,5.32192516326904,4.09903383,50.207107,4.284,"Kenya"
"KEN",2020,10,1609.33414078281,5.04574871063232,4.47622252,52.217334,5.619,"Kenya"
"KEN",2022,0,1747.53198804428,4.51101779937744,NA,54.252461,5.707,"Kenya"
"KGZ",2000,1,718.34290572247,3.50838994979858,4.41,4.8983615,1.858,"Kyrgyz Republic"
"KGZ",2002,0,742.44300111832,4.44545984268188,4.59,4.990704,2.065,"Kyrgyz Republic"
"KGZ",2004,0,831.48218538698,4.62243986129761,6.2,5.1047125,2.259,"Kyrgyz Republic"
"KGZ",2006,0,837.138026647346,5.54986000061035,8.31,5.218373,2.48,"Kyrgyz Republic"
"KGZ",2008,3,966.409971184817,5.91318988800049,6.53,5.318729,2.642,"Kyrgyz Republic"
"KGZ",2010,0,962.764789828724,5.81883239746094,6.95,5.467059,2.887,"Kyrgyz Republic"
"KGZ",2012,0,985.8472865972,7.38422012329102,8.51,5.652076,3.114,"Kyrgyz Republic"
"KGZ",2014,0,1088.58223445646,6.46763563156128,7.36,5.9058475,3.262,"Kyrgyz Republic"
"KGZ",2016,0,1128.31625263844,6.58615016937256,6.41,6.1753375,3.474,"Kyrgyz Republic"
"KGZ",2018,0,1175.0713690492,5.55267000198364,5.01,6.4440785,3.67,"Kyrgyz Republic"
"KGZ",2020,3,1093.32864588331,6.61971664428711,5.26,6.7265955,4.63,"Kyrgyz Republic"
"KGZ",2022,0,1212.17821410944,7.1688437461853,NA,6.9752195,4.043,"Kyrgyz Republic"
"KOR",2000,28,16995.5591864626,NA,3.85544181,47.008111,4.063,"Korea, Rep."
"KOR",2002,4,18940.3842233935,NA,4.0143261,47.644736,3.046,"Korea, Rep."
"KOR",2004,30,20364.7599656771,NA,4.26715517,48.082519,3.42,"Korea, Rep."
"KOR",2006,11,22196.2077459266,NA,4.84870243,48.438292,3.254,"Korea, Rep."
"KOR",2008,32,23887.0595538423,NA,5.24600267,49.054708,2.959,"Korea, Rep."
"KOR",2010,14,25455.6174843658,3.52756690979004,5.81980991,49.554112,3.324,"Korea, Rep."
"KOR",2012,31,26680.2754448705,NA,6.0325017,50.199853,2.812,"Korea, Rep."
"KOR",2014,8,28100.0102759544,NA,6.40432453,50.746659,3.082,"Korea, Rep."
"KOR",2016,21,29467.124342556,4.33309984207153,6.87049913,51.217803,3.65,"Korea, Rep."
"KOR",2018,17,31059.2668087927,4.45807981491089,7.49119806,51.585058,3.824,"Korea, Rep."
"KOR",2020,20,31378.1579340648,4.8017201423645,8.3497715,51.836239,3.931,"Korea, Rep."
"KOR",2022,9,33690.3788793046,NA,9.72047997,51.672569,2.857,"Korea, Rep."
"KWT",2000,1,31341.9779145225,NA,2.20343971,1.954709,0.8,"Kuwait"
"KWT",2002,0,30702.21604281,6.551109790802,3.12468719,2.059974,1.1,"Kuwait"
"KWT",2004,0,37918.5403803743,5.53506994247437,2.35702467,2.15732,1.7,"Kuwait"
"KWT",2006,0,41137.9697079252,3.75997996330261,1.8213098,2.364733,1.3,"Kuwait"
"KWT",2008,0,39852.5126986897,NA,1.92400301,2.651421,1.75,"Kuwait"
"KWT",2010,0,32568.5149842886,NA,2.67879915,2.943372,1.82,"Kuwait"
"KWT",2012,1,33578.3308233506,NA,2.33311439,3.337109,2.231,"Kuwait"
"KWT",2014,0,31073.1534776392,NA,2.9159987,3.665876,2.9,"Kuwait"
"KWT",2016,0,29454.4421199637,5.95593976974487,4.73096323,4.004096,2.16,"Kuwait"
"KWT",2018,0,26706.0190338255,6.39165258407593,5.18862629,4.323515,2.204,"Kuwait"
"KWT",2020,1,25541.50749746,6.24513053894043,6.34761143,4.400267,3.557,"Kuwait"
"KWT",2022,0,26508.4604683157,6.58236503601074,NA,4.589643,2.174,"Kuwait"
"LIE",2000,0,NA,NA,NA,0.032645,NA,"Liechtenstein"
"LIE",2002,0,NA,NA,NA,0.033694,NA,"Liechtenstein"
"LIE",2004,0,NA,2.43333005905151,NA,0.034447,NA,"Liechtenstein"
"LIE",2006,0,NA,2.05380988121033,NA,0.035037,NA,"Liechtenstein"
"LIE",2008,0,NA,2.04836988449097,NA,0.035473,NA,"Liechtenstein"
"LIE",2010,0,NA,NA,NA,0.036022,NA,"Liechtenstein"
"LIE",2012,0,NA,NA,NA,0.036657,NA,"Liechtenstein"
"LIE",2014,0,NA,NA,NA,0.037248,NA,"Liechtenstein"
"LIE",2016,0,NA,NA,NA,0.037716,NA,"Liechtenstein"
"LIE",2018,1,NA,NA,NA,0.038246,NA,"Liechtenstein"
"LIE",2020,0,NA,NA,NA,0.038901,NA,"Liechtenstein"
"LIE",2022,0,NA,NA,NA,0.039493,NA,"Liechtenstein"
"LTU",2000,5,6384.30864873307,5.97302913665771,6.2,3.499536,15.931,"Lithuania"
"LTU",2002,0,7374.09777788834,5.80007982254028,6.14,3.443067,13.008,"Lithuania"
"LTU",2004,3,8851.92600601146,5.17428016662598,5.51,3.377075,10.684,"Lithuania"
"LTU",2006,0,10577.214234025,4.82572984695435,5.84,3.269909,5.78,"Lithuania"
"LTU",2008,5,12324.5195097128,4.83990001678467,6.29,3.198231,5.826,"Lithuania"
"LTU",2010,0,10884.1160456797,5.29786014556885,6.81,3.097282,17.814,"Lithuania"
"LTU",2012,5,12522.3408614335,4.75802993774414,6.28,2.987773,13.365,"Lithuania"
"LTU",2014,0,13776.1052981213,4.48657989501953,6.19,2.932367,10.698,"Lithuania"
"LTU",2016,4,14870.1049461514,4.004310131073,6.64,2.868231,7.862,"Lithuania"
"LTU",2018,0,16709.5561779447,3.89289999008179,6.53,2.801543,6.147,"Lithuania"
"LTU",2020,1,17540.2948595021,4.50859022140503,7.48,2.794885,8.487,"Lithuania"
"LTU",2022,0,18884.5148575051,NA,7.46,2.831639,5.955,"Lithuania"
"LVA",2000,0,6336.38310612599,5.27427005767822,5.43,2.36755,14.211,"Latvia"
"LVA",2002,0,7443.22938820575,5.60254001617432,5.76,2.310173,13.829,"Latvia"
"LVA",2004,0,8957.23390372866,4.83406019210815,6.2,2.263122,11.708,"Latvia"
"LVA",2006,0,11507.4646780972,4.68466997146606,5.7,2.218357,7.03,"Latvia"
"LVA",2008,0,12506.694495072,5.36644983291626,5.58,2.177322,7.739,"Latvia"
"LVA",2010,0,10500.8666389182,5.03881978988647,6.1,2.097555,19.482,"Latvia"
"LVA",2012,0,11971.0108776675,6.58270978927612,5.41,2.034319,15.047,"Latvia"
"LVA",2014,0,12731.6774205863,5.28122997283936,5.46,1.993782,10.846,"Latvia"
"LVA",2016,0,13787.3367216588,4.65749979019165,6.13,1.959537,9.643,"Latvia"
"LVA",2018,0,15120.0696016293,4.24356985092163,6.19,1.927174,7.412,"Latvia"
"LVA",2020,0,14900.7294732334,4.85059022903442,7.25,1.900449,8.098,"Latvia"
"LVA",2022,1,16406.6490572974,NA,NA,1.879383,6.815,"Latvia"
"MAR",2000,5,1957.14135742188,NA,3.69304585,28.423435,13.58,"Morocco"
"MAR",2002,0,2127.50708007813,NA,4.06117535,29.198142,11.59,"Morocco"
"MAR",2004,3,2301.08178710938,NA,4.23211098,29.953018,10.83,"Morocco"
"MAR",2006,0,2489.99291992188,NA,4.56586647,30.771178,9.67,"Morocco"
"MAR",2008,2,2648.58569335938,4.85339021682739,4.83789158,31.606767,9.57,"Morocco"
"MAR",2010,0,2767.04223632813,NA,5.41861057,32.467016,9.09,"Morocco"
"MAR",2012,1,2927.45043945313,5.55294847488403,5.39619017,33.355241,8.99,"Morocco"
"MAR",2014,0,3051.458984375,5.48276042938232,5.41626596,34.20478,9.7,"Morocco"
"MAR",2016,1,3124.42504882813,5.08530187606812,5.09203386,35.023457,9.3,"Morocco"
"MAR",2018,0,3304.7119140625,4.96022701263428,4.94516659,35.83976,9.271,"Morocco"
"MAR",2020,1,3090.89428710938,6.28428268432617,5.83834505,36.584208,11.223,"Morocco"
"MAR",2022,0,3325.560546875,5.91224670410156,NA,37.329064,9.494,"Morocco"
"MYS",2000,0,6455.61419792583,5.9716100692749,2.51463366,22.967816,3,"Malaysia"
"MYS",2002,0,6516.90671560155,7.65792989730835,2.66876554,24.102477,3.48,"Malaysia"
"MYS",2004,0,7025.34558004381,5.92389011383057,2.86016941,25.256772,3.54,"Malaysia"
"MYS",2006,0,7469.8106921211,4.48576021194458,3.10897732,26.417909,3.32,"Malaysia"
"MYS",2008,1,7976.11785374773,3.95851993560791,3.00692558,27.570059,3.32,"Malaysia"
"MYS",2010,0,8118.92270511981,4.96645021438599,3.16474271,28.655776,3.39,"Malaysia"
"MYS",2012,2,8710.52671359902,5.73902988433838,3.45786357,29.662831,3.1,"Malaysia"
"MYS",2014,0,9341.73055971278,5.02935981750488,3.71036959,30.696137,2.88,"Malaysia"
"MYS",2016,5,9901.47960179812,4.34598445892334,3.70085335,31.789685,3.44,"Malaysia"
"MYS",2018,0,10610.1950240479,4.13194847106934,3.75944281,32.910967,3.3,"Malaysia"
"MYS",2020,2,10171.4657842762,4.51888704299927,4.08395433,33.889558,4.54,"Malaysia"
"MYS",2022,0,11174.2100761842,3.49933791160583,NA,34.695493,3.93,"Malaysia"
"MDA",2000,2,1346.91567176561,4.48639011383057,5.93,2.924668,8.539,"Moldova"
"MDA",2002,0,1547.57421231612,5.4979100227356,7.4,2.911385,6.845,"Moldova"
"MDA",2004,0,1781.19145323724,6.77103996276855,8.97,2.896023,6.374,"Moldova"
"MDA",2006,0,2017.17730062908,7.49899005889893,10.54,2.880967,4.2,"Moldova"
"MDA",2008,1,2249.22589719372,8.23727035522461,10.95,2.868833,2.073,"Moldova"
"MDA",2010,0,2269.51116145996,7.5922999382019,10.13,2.862354,2.937,"Moldova"
"MDA",2012,0,2389.08666147529,6.98338985443115,9.14,2.860324,2.151,"Moldova"
"MDA",2014,0,2737.80185056647,6.33806991577148,8.63,2.857815,1.425,"Moldova"
"MDA",2016,0,2910.95486872376,5.67208003997803,7.54,2.803186,1.557,"Moldova"
"MDA",2018,0,3267.9961042872,5.53887987136841,6.71,2.707203,1.196,"Moldova"
"MDA",2020,1,3188.91691602699,6.6012601852417,7,2.63513,1.186,"Moldova"
"MDA",2022,0,3596.22420493094,6.11053991317749,NA,2.528654,0.897,"Moldova"
"MEX",2000,6,9581.96970210753,3.80870008468628,4.44912481,98.625552,2.646,"Mexico"
"MEX",2002,0,9242.27886130016,4.24307012557983,5.07164288,101.548624,3.003,"Mexico"
"MEX",2004,4,9421.28975988024,4.51204013824463,5.95390368,104.394131,3.937,"Mexico"
"MEX",2006,0,9813.8280424425,4.4931697845459,5.65525532,107.253666,3.566,"Mexico"
"MEX",2008,4,9826.3421836048,4.60609006881714,5.69886971,110.374288,3.874,"Mexico"
"MEX",2010,0,9389.06722084275,4.93695020675659,5.73688889,113.623895,5.303,"Mexico"
"MEX",2012,8,9782.51776305354,4.88348007202148,5.66522074,116.818208,4.892,"Mexico"
"MEX",2014,0,9862.48125444199,5.06808996200562,5.55340958,119.784261,4.819,"Mexico"
"MEX",2016,5,10100.5021214015,4.75795984268188,5.55345821,122.251351,3.853,"Mexico"
"MEX",2018,0,10296.8690937052,4.13945007324219,5.38345814,124.573711,3.275,"Mexico"
"MEX",2020,4,9234.64362485294,4.50059986114502,6.22204065,126.799054,4.44,"Mexico"
"MEX",2022,0,10011.2545383826,NA,NA,128.613117,3.256,"Mexico"
"MNG",2000,0,1598.31282040605,5.55037021636963,5.69538355,2.388299,5.993,"Mongolia"
"MNG",2002,0,1680.65335337555,7.21078014373779,5.18856382,2.449027,6.2,"Mongolia"
"MNG",2004,1,1942.36263694017,4.32572984695435,4.15718555,2.508412,6.854,"Mongolia"
"MNG",2006,0,2209.74321787628,NA,3.74971509,2.567168,7.193,"Mongolia"
"MNG",2008,4,2576.71295838607,NA,4.55693007,2.643201,5.565,"Mongolia"
"MNG",2010,0,2611.67326563924,4.64510011672974,3.73945689,2.738622,6.549,"Mongolia"
"MNG",2012,5,3318.16496597089,5.96198511123657,3.85800076,2.839705,3.905,"Mongolia"
"MNG",2014,0,3830.35892049593,5.42825603485107,4.20989752,2.963113,4.798,"Mongolia"
"MNG",2016,2,3817.91962716702,5.20043277740479,4.58008575,3.088856,7.235,"Mongolia"
"MNG",2018,0,4183.85566447661,3.99742722511292,4.53449297,3.208189,5.377,"Mongolia"
"MNG",2020,4,4066.03410882791,4.66345500946045,4.6662488,3.327204,6.594,"Mongolia"
"MNG",2022,0,4205.88554513551,4.18056726455688,NA,3.433748,6.211,"Mongolia"
"MKD",2000,1,3283.37934095351,NA,8.87,2.02635,32.2,"North Macedonia"
"MKD",2002,0,3240.11064526089,3.30014991760254,8.98,2.020157,31.94,"North Macedonia"
"MKD",2004,0,3473.76544811451,NA,8.47,2.016186,37.161,"North Macedonia"
"MKD",2006,0,3866.74650622977,NA,7.38,1.994287,36.392,"North Macedonia"
"MKD",2008,0,4392.5507164151,NA,6.55,1.971493,33.93,"North Macedonia"
"MKD",2010,0,4582.36517512347,NA,6.71,1.946298,33.135,"North Macedonia"
"MKD",2012,0,4708.05168535923,NA,6.61,1.929821,31.096,"North Macedonia"
"MKD",2014,0,5053.75001236367,NA,6.29,1.917557,28.215,"North Macedonia"
"MKD",2016,0,5429.94678358359,NA,6.38,1.906313,24.312,"North Macedonia"
"MKD",2018,0,5698.39334484489,NA,6.46,1.889051,21.208,"North Macedonia"
"MKD",2020,1,5743.72649424581,NA,7.73,1.856124,16.575,"North Macedonia"
"MKD",2022,0,6250.62720952063,NA,NA,1.831712,14.476,"North Macedonia"
"MNE",2000,0,4431.60047014419,NA,NA,0.60495,30.609,"Montenegro"
"MNE",2002,0,4529.12330572995,NA,NA,0.609828,30.423,"Montenegro"
"MNE",2004,0,4819.14785988608,NA,NA,0.613353,30.37,"Montenegro"
"MNE",2006,0,5435.88622103627,NA,NA,0.615025,24.79,"Montenegro"
"MNE",2008,0,6205.8212472095,NA,NA,0.616969,17.15,"Montenegro"
"MNE",2010,0,5982.19928466066,NA,NA,0.619428,19.649,"Montenegro"
"MNE",2012,1,5995.77445120446,NA,8.3,0.620601,19.808,"Montenegro"
"MNE",2014,0,6307.01856129174,NA,8,0.62181,18.054,"Montenegro"
"MNE",2016,0,6707.85041020824,NA,8.63,0.622303,17.732,"Montenegro"
"MNE",2018,0,7381.80764032937,NA,8.34,0.622227,15.19,"Montenegro"
"MNE",2020,0,6515.53680560451,NA,11.42,0.621306,17.878,"Montenegro"
"MNE",2022,0,7889.23763310614,NA,NA,0.617213,14.851,"Montenegro"
"MOZ",2000,1,287.390630344484,NA,2.18767238,18.129653,2.833,"Mozambique"
"MOZ",2002,0,340.13537022259,NA,3.2773509,18.958338,2.903,"Mozambique"
"MOZ",2004,0,377.064958084878,3.19839000701904,3.67226458,19.840313,2.955,"Mozambique"
"MOZ",2006,0,420.526462764726,3.7359299659729,4.08873844,20.787087,3.039,"Mozambique"
"MOZ",2008,0,460.94729485679,NA,4.22139311,21.819036,3.114,"Mozambique"
"MOZ",2010,0,494.162859074785,5.39052867889404,5.43892908,22.999235,3.261,"Mozambique"
"MOZ",2012,0,540.2945177803,5.5575098991394,5.24640608,24.337846,3.305,"Mozambique"
"MOZ",2014,0,585.266716133984,6.49390125274658,6.33251858,25.788475,3.377,"Mozambique"
"MOZ",2016,0,620.779714954555,5.80086994171143,7.28134441,27.337105,3.457,"Mozambique"
"MOZ",2018,0,621.153734194787,5.38976001739502,8.0889616,29.018644,3.604,"Mozambique"
"MOZ",2020,0,591.804059985932,6.64256286621094,7.56957626,30.783688,3.921,"Mozambique"
"MOZ",2022,0,596.058889467339,6.16198396682739,NA,32.656246,3.596,"Mozambique"
"NAM",2000,0,3083.59657884697,6.901780128479,9.23999977,1.818647,20.3,"Namibia"
"NAM",2002,0,3145.94566281247,6.7423300743103,9.68074989,1.88997,21.5,"Namibia"
"NAM",2004,0,3582.89503259701,NA,10.12623405,1.942082,22.09,"Namibia"
"NAM",2006,0,3834.99894666178,6.03171014785767,10.57086945,1.991888,21.876,"Namibia"
"NAM",2008,0,4036.38187484707,6.40342998504639,9.91801167,2.047056,22.017,"Namibia"
"NAM",2010,0,4165.12990200988,8.24330043792725,9.72781372,2.109811,22.12,"Namibia"
"NAM",2012,0,4420.96741373862,9.24281215667725,9.26659298,2.194654,16.771,"Namibia"
"NAM",2014,0,4701.95694189098,9.56250667572021,8.4089098,2.312139,18.521,"Namibia"
"NAM",2016,0,4648.62713460213,10.592794418335,9.3223238,2.439213,23.352,"Namibia"
"NAM",2018,0,4400.47537705743,8.88112258911133,8.31648731,2.577327,19.877,"Namibia"
"NAM",2020,1,3787.49943973286,9.27799892425537,8.90162563,2.728762,21.004,"Namibia"
"NAM",2022,0,3903.73340788924,9.67791175842285,NA,2.889662,19.695,"Namibia"
"NLD",2000,25,40665.3381347954,4.58512020111084,7.71,15.925513,2.725,"Netherlands"
"NLD",2002,8,41135.4190926401,4.80590009689331,8.65,16.148929,2.554,"Netherlands"
"NLD",2004,22,41663.1477702602,5.06297016143799,9.11,16.281779,4.646,"Netherlands"
"NLD",2006,9,43841.1223358567,5.04402017593384,9.08,16.346101,5.007,"Netherlands"
"NLD",2008,16,46227.2111445548,5.02904987335205,9.28,16.445593,3.658,"Netherlands"
"NLD",2010,8,44659.2728095964,5.48908996582031,10.16,16.615394,4.991,"Netherlands"
"NLD",2012,20,44631.8744697382,5.4102201461792,10.54,16.754962,5.821,"Netherlands"
"NLD",2014,24,45042.0669609307,5.458899974823,10.57,16.865008,7.419,"Netherlands"
"NLD",2016,19,46655.0363545163,5.47959995269775,10.06,17.030314,6.007,"Netherlands"
"NLD",2018,20,48463.0299572209,5.35764980316162,10.02,17.231624,3.832,"Netherlands"
"NLD",2020,36,47086.5803832096,5.42381000518799,11.21,17.4415,3.82,"Netherlands"
"NLD",2022,17,51777.543168341,5.05201101303101,NA,17.700982,3.526,"Netherlands"
"NGA",2000,3,1421.67987952013,NA,3.1973834,126.382494,3.963,"Nigeria"
"NGA",2002,0,1644.39518877632,NA,2.49063969,133.471989,3.681,"Nigeria"
"NGA",2004,2,1824.80269456773,NA,4.63368416,141.057045,3.601,"Nigeria"
"NGA",2006,0,1949.15856804565,NA,4.25775146,149.077334,3.756,"Nigeria"
"NGA",2008,5,2098.28339220667,NA,3.69581532,157.595014,3.795,"Nigeria"
"NGA",2010,0,2315.46676509662,0.496685653924942,3.29653287,166.642886,3.746,"Nigeria"
"NGA",2012,0,2403.65387896923,0.549233078956604,3.35984254,176.200625,3.76,"Nigeria"
"NGA",2014,0,2583.6155695814,0.470742553472519,3.34840417,185.896915,3.902,"Nigeria"
"NGA",2016,1,2481.81490350326,0.393045634031296,3.64773679,195.4437,4.499,"Nigeria"
"NGA",2018,0,2431.77857832567,0.419998496770859,3.09069347,204.938755,5.067,"Nigeria"
"NGA",2020,2,2337.57587388074,0.359637647867203,3.38063431,213.996181,5.742,"Nigeria"
"NGA",2022,0,2398.98622787065,0.348516702651978,NA,223.150896,3.821,"Nigeria"
"NER",2000,0,392.898616941042,2.5650200843811,4.65891504,11.50963,1.431,"Niger"
"NER",2002,0,412.123793192578,2.40134000778198,4.82717037,12.349144,1.813,"Niger"
"NER",2004,0,393.398781453199,NA,4.97818327,13.265836,2.747,"Niger"
"NER",2006,0,415.852022114801,2.55852007865906,5.99335575,14.268581,2.536,"Niger"
"NER",2008,0,429.195542798877,2.72311997413635,5.24640608,15.361915,1.592,"Niger"
"NER",2010,0,441.079166112039,2.7219500541687,4.96100473,16.548835,0.722,"Niger"
"NER",2012,0,463.066265496402,3.1868200302124,4.30732679,17.836769,2.177,"Niger"
"NER",2014,0,482.74524741946,5.10368013381958,4.45377159,19.215909,0.524,"Niger"
"NER",2016,1,495.017437216008,2.95843005180359,4.53239059,20.685753,0.548,"Niger"
"NER",2018,0,519.546993483886,3.44956994056702,5.30310822,22.188069,0.535,"Niger"
"NER",2020,0,533.194328910254,3.81920099258423,6.17012262,23.717613,0.594,"Niger"
"NER",2022,0,566.797962983866,4.10143089294434,NA,25.311973,0.418,"Niger"
"NOR",2000,10,67846.5968530147,6.45934009552002,7.7,4.490967,3.458,"Norway"
"NOR",2002,25,69472.9836723066,7.42246007919312,8.98,4.538159,4.022,"Norway"
"NOR",2004,6,72090.9862919578,7.27744007110596,8.8,4.59191,4.256,"Norway"
"NOR",2006,19,74729.7366063199,6.35822010040283,7.88,4.660677,3.397,"Norway"
"NOR",2008,9,75535.2117892008,6.24915981292725,7.92,4.768212,2.521,"Norway"
"NOR",2010,23,72804.3956195341,6.71042013168335,8.86,4.889252,3.527,"Norway"
"NOR",2012,4,73661.6785918009,7.32766008377075,8.72,5.018573,3.129,"Norway"
"NOR",2014,26,74180.323865677,7.64403009414673,9.28,5.137232,3.486,"Norway"
"NOR",2016,4,75017.4944737055,7.98444986343384,10.53,5.234519,4.68,"Norway"
"NOR",2018,39,76373.6241145297,7.59563016891479,9.96,5.311916,3.801,"Norway"
"NOR",2020,8,75287.2059530897,8.3728199005127,11.42,5.379475,4.424,"Norway"
"NOR",2022,37,79434.6256451575,3.96801972389221,8.14,5.457127,3.231,"Norway"
"NZL",2000,4,30848.1860883256,NA,7.4700222,3.8577,6.13,"New Zealand"
"NZL",2002,0,32636.1375503767,NA,7.90045929,3.9485,5.282,"New Zealand"
"NZL",2004,5,34367.0062362204,NA,7.90090561,4.0875,4.005,"New Zealand"
"NZL",2006,0,35659.59616566,NA,8.63841629,4.1846,3.857,"New Zealand"
"NZL",2008,9,35651.0156373706,NA,9.12382889,4.2598,4.167,"New Zealand"
"NZL",2010,0,35392.017344657,6.59741258621216,9.59277534,4.3507,6.557,"New Zealand"
"NZL",2012,13,36531.7484498327,6.53085327148438,9.65163612,4.4081,6.931,"New Zealand"
"NZL",2014,0,38014.6435529728,5.80853986740112,9.40168381,4.5165,5.428,"New Zealand"
"NZL",2016,18,39197.327525871,5.50559997558594,9.24379444,4.7141,5.147,"New Zealand"
"NZL",2018,2,40350.9122003744,5.19308996200562,9.0351162,4.9006,4.335,"New Zealand"
"NZL",2020,20,39596.5266174221,5.65149021148682,10.07205391,5.0902,4.595,"New Zealand"
"NZL",2022,3,42320.892439076,5.23012018203735,NA,5.1172,3.297,"New Zealand"
"PAN",2000,0,6856.14919005847,4.75968980789185,7.23963356,3.010369,6.264,"Panama"
"PAN",2002,0,6825.17747437166,4.19163990020752,7.31349277,3.129344,6.362,"Panama"
"PAN",2004,0,7468.76593139801,3.5786600112915,7.34004402,3.251155,6.127,"Panama"
"PAN",2006,0,8557.9801770364,NA,6.7842741,3.375024,5.822,"Panama"
"PAN",2008,1,10288.1549911493,3.50229001045227,7.05229712,3.500648,5.647,"Panama"
"PAN",2010,0,10698.0717633911,NA,7.4865942,3.628535,5.845,"Panama"
"PAN",2012,0,12668.2945474105,NA,6.74132681,3.759256,3.691,"Panama"
"PAN",2014,0,13611.5490809559,3.17401003837585,7.16729832,3.892101,4.391,"Panama"
"PAN",2016,0,14474.1243636349,3.42913007736206,7.35213518,4.029086,4.717,"Panama"
"PAN",2018,0,15375.6435074101,3.4535698890686,7.87820292,4.16786,5.161,"Panama"
"PAN",2020,0,12647.082664124,4.30284023284912,10.8049345,4.293261,14.663,"Panama"
"PAN",2022,0,15917.427539403,3.36693000793457,NA,4.400773,8.086,"Panama"
"PHL",2000,0,1793.34760866258,3.16440010070801,3.06,79.625397,3.767,"Philippines"
"PHL",2002,0,1837.25429294391,2.89222002029419,2.64,83.068889,3.615,"Philippines"
"PHL",2004,0,1978.3448914123,2.46983003616333,3.05,86.394504,3.554,"Philippines"
"PHL",2006,0,2110.42044789942,2.42579007148743,3.78,89.508986,4.052,"Philippines"
"PHL",2008,0,2264.94629082173,2.58282995223999,3.86,92.699095,3.72,"Philippines"
"PHL",2010,0,2373.14312085009,NA,4.13,96.337125,3.605,"Philippines"
"PHL",2012,0,2533.74141971272,NA,4.18,100.175512,3.504,"Philippines"
"PHL",2014,0,2776.92005916931,2.66454243659973,3.7,103.76713,3.6,"Philippines"
"PHL",2016,1,3076.33741880211,3.3012809753418,3.95,106.735719,2.695,"Philippines"
"PHL",2018,0,3410.93647986368,3.85502767562866,3.95,109.465287,2.338,"Philippines"
"PHL",2020,4,3198.6669001424,3.85829043388367,5.16,112.081264,2.522,"Philippines"
"PHL",2022,0,3577.70136587922,3.57960081100464,5.1,113.964338,2.598,"Philippines"
"POL",2000,14,7401.57697647848,4.9839301109314,5.29,38.258629,14.928,"Poland"
"POL",2002,2,7640.99307757777,5.38735008239746,6.07,38.230364,20.211,"Poland"
"POL",2004,10,8323.38773754587,5.35557985305786,5.87,38.182222,18.822,"Poland"
"POL",2006,2,9137.65850849801,5.20765018463135,5.8,38.141267,13.794,"Poland"
"POL",2008,11,10187.2017910883,5.04239988327026,6.38,38.125759,7.069,"Poland"
"POL",2010,6,10808.3975674238,5.10705995559692,6.47,38.042794,9.578,"Poland"
"POL",2012,11,11542.2353368014,4.86159992218018,6.27,38.063164,10.031,"Poland"
"POL",2014,6,12093.1622787394,4.9665699005127,6.43,38.011735,8.971,"Poland"
"POL",2016,11,13026.1858988718,4.6591100692749,6.59,37.970087,6.141,"Poland"
"POL",2018,2,14551.0850277089,4.60506010055542,6.31,37.97475,3.835,"Poland"
"POL",2020,14,14937.5960275482,4.85265016555786,6.5,37.89907,3.155,"Poland"
"POL",2022,1,17303.64494323,NA,6.68,36.821749,2.811,"Poland"
"PRT",2000,2,18822.0932874528,5.16384983062744,8.6,10.289898,3.806,"Portugal"
"PRT",2002,0,19095.1102477948,5.25871992111206,8.79,10.419631,4.497,"Portugal"
"PRT",2004,3,19137.8371065037,5.04638004302979,9.53,10.483861,6.319,"Portugal"
"PRT",2006,0,19529.3121306472,4.90767002105713,9.35,10.522288,7.649,"Portugal"
"PRT",2008,2,20014.4748812235,4.69609022140503,9.58,10.558177,7.553,"Portugal"
"PRT",2010,0,19698.6836541739,5.41248989105225,10.03,10.5731,10.771,"Portugal"
"PRT",2012,1,18679.7626580948,4.94940996170044,9.65,10.514844,15.531,"Portugal"
"PRT",2014,0,18836.8967511808,5.12400007247925,9.34,10.401062,13.897,"Portugal"
"PRT",2016,1,19662.823085477,4.7709059715271,9.39,10.325452,11.068,"Portugal"
"PRT",2018,0,20997.7744915886,4.67515993118286,9.41,10.283822,6.994,"Portugal"
"PRT",2020,4,19778.7138255776,4.87656021118164,10.55,10.297081,6.801,"Portugal"
"PRT",2022,0,22042.86817027,NA,10.62,10.434332,6.011,"Portugal"
"PRK",2000,4,NA,NA,NA,23.66591,3.05,"Korea, Dem. People's Rep."
"PRK",2002,0,NA,NA,NA,23.943973,3.043,"Korea, Dem. People's Rep."
"PRK",2004,5,NA,NA,NA,24.254943,3.016,"Korea, Dem. People's Rep."
"PRK",2006,0,NA,NA,NA,24.524507,2.944,"Korea, Dem. People's Rep."
"PRK",2008,6,NA,NA,NA,24.764618,2.873,"Korea, Dem. People's Rep."
"PRK",2010,0,NA,NA,NA,24.987258,2.81,"Korea, Dem. People's Rep."
"PRK",2012,7,NA,NA,NA,25.211728,2.916,"Korea, Dem. People's Rep."
"PRK",2014,0,NA,NA,NA,25.451262,2.883,"Korea, Dem. People's Rep."
"PRK",2016,7,NA,NA,NA,25.698326,2.931,"Korea, Dem. People's Rep."
"PRK",2018,0,NA,NA,NA,25.931147,2.757,"Korea, Dem. People's Rep."
"PRK",2020,0,NA,NA,NA,26.136312,2.948,"Korea, Dem. People's Rep."
"PRK",2022,0,NA,NA,NA,26.328845,2.805,"Korea, Dem. People's Rep."
"QAT",2016,1,67294.4585771356,NA,3.54971433,2.477113,0.15,"Qatar"
"QAT",2018,0,64410.8171280981,NA,2.96176219,2.580734,0.11,"Qatar"
"QAT",2020,3,57769.604101576,3.2336699962616,3.81872201,2.794148,0.14,"Qatar"
"QAT",2022,0,64315.6263669902,NA,NA,2.657333,0.13,"Qatar"
